,rating,tconst,title,year,cast1,cast2,cast3,cast4,director,genre1,genre2,plot,date,runtime,tagline,writers
0,9.3,tt0111161,The Shawshank Redemption,1994,Tim Robbins,Morgan Freeman,Bob Gunton,William Sadler,Frank Darabont,Crime,Drama,"Two imprisoned men bond over a number of years, finding solace and eventual redemption through acts of common decency.",1994-10-14,142,Fear can hold you prisoner. Hope can set you free.,Stephen King
1,9.2,tt0068646,The Godfather,1972,Marlon Brando,Al Pacino,James Caan,Diane Keaton,Francis Ford Coppola,Crime,Drama,The aging patriarch of an organized crime dynasty transfers control of his clandestine empire to his reluctant son.,1972-03-24,175,An offer you can't refuse.,Mario Puzo
2,9.0,tt0071562,The Godfather: Part II,1974,Al Pacino,Robert De Niro,Robert Duvall,Diane Keaton,Francis Ford Coppola,Crime,Drama,"The early life and career of Vito Corleone in 1920s New York is portrayed while his son, Michael, expands and tightens his grip on his crime syndicate stretching from Lake Tahoe, Nevada to pre-revolution 1958 Cuba.",1974-12-20,202,,Francis Ford Coppola
3,9.0,tt0468569,The Dark Knight,2008,Christian Bale,Heath Ledger,Aaron Eckhart,Michael Caine,Christopher Nolan,Action,Crime,"When the menace known as the Joker wreaks havoc and chaos on the people of Gotham, the caped crusader must come to terms with one of the greatest psychological tests of his ability to fight injustice.",2008-07-18,152,Why So Serious?,Jonathan Nolan
4,8.9,tt0050083,12 Angry Men,1957,Henry Fonda,Lee J. Cobb,Martin Balsam,John Fiedler,Sidney Lumet,Crime,Drama,A jury holdout attempts to prevent a miscarriage of justice by forcing his colleagues to reconsider the evidence.,1957-04-01,96,Life Is In Their Hands -- Death Is On Their Minds!,Reginald Rose
5,8.9,tt0108052,Schindler's List,1993,Liam Neeson,Ralph Fiennes,Ben Kingsley,Caroline Goodall,Steven Spielberg,Biography,Drama,"In German-occupied Poland during World War II, Oskar Schindler gradually becomes concerned for his Jewish workforce after witnessing their persecution by the Nazi Germans.",1994-02-04,195,"Whoever saves one life, saves the world entire.",Thomas Keneally
6,8.9,tt0110912,Pulp Fiction,1994,John Travolta,Uma Thurman,Samuel L. Jackson,Bruce Willis,Quentin Tarantino,Crime,Drama,"The lives of two mob hit men, a boxer, a gangster's wife, and a pair of diner bandits intertwine in four tales of violence and redemption.",1994-10-14,154,Girls like me don't make invitations like this to just anyone!,Quentin Tarantino
7,8.9,tt0167260,The Lord of the Rings: The Return of the King,2003,Elijah Wood,Viggo Mortensen,Ian McKellen,Orlando Bloom,Peter Jackson,Adventure,Drama,Gandalf and Aragorn lead the World of Men against Sauron's army to draw his gaze from Frodo and Sam as they approach Mount Doom with the One Ring.,2003-12-17,201,The eye of the enemy is moving.,J.R.R. Tolkien
8,8.9,tt0060196,"The Good, the Bad and the Ugly",1966,Clint Eastwood,Eli Wallach,Lee Van Cleef,Aldo Giuffrè,Sergio Leone,Western,nan,A bounty hunting scam joins two men in an uneasy alliance against a third in a race to find a fortune in gold buried in a remote cemetery.,1967-12-29,161,They formed an alliance of hate to steal a fortune in dead man's gold.,Luciano Vincenzoni
9,8.8,tt0137523,Fight Club,1999,Brad Pitt,Edward Norton,Meat Loaf,Zach Grenier,David Fincher,Drama,nan,"An insomniac office worker, looking for a way to change his life, crosses paths with a devil-may-care soap maker, forming an underground fight club that evolves into something much, much more.",1999-10-15,139,How much can you know about yourself if you've never been in a fight?,Chuck Palahniuk
10,8.8,tt0120737,The Lord of the Rings: The Fellowship of the Ring,2001,Elijah Wood,Ian McKellen,Orlando Bloom,Sean Bean,Peter Jackson,Adventure,Drama,A meek Hobbit from the Shire and eight companions set out on a journey to destroy the powerful One Ring and save Middle Earth from the Dark Lord Sauron.,2001-12-19,178,The Legend Comes to Life,J.R.R. Tolkien
11,8.8,tt0080684,Star Wars: Episode V - The Empire Strikes Back,1980,Mark Hamill,Harrison Ford,Carrie Fisher,Billy Dee Williams,Irvin Kershner,Action,Adventure,"After the rebels have been brutally overpowered by the Empire on their newly established base, Luke Skywalker takes advanced Jedi training with Master Yoda, while his friends are pursued by Darth Vader as part of his plan to capture Luke.",1980-06-20,124,The Adventure Continues...,Leigh Brackett
12,8.8,tt0109830,Forrest Gump,1994,Tom Hanks,Robin Wright,Gary Sinise,Sally Field,Robert Zemeckis,Comedy,Drama,"Forrest Gump, while not intelligent, has accidentally been present at many historic moments, but his true love, Jenny Curran, eludes him.",1994-07-06,142,The story of a lifetime.,Winston Groom
13,8.8,tt1375666,Inception,2010,Leonardo DiCaprio,Joseph Gordon-Levitt,Ellen Page,Ken Watanabe,Christopher Nolan,Action,Adventure,"A thief, who steals corporate secrets through use of dream-sharing technology, is given the inverse task of planting an idea into the mind of a CEO.",2010-07-16,148,Your mind is the scene of the crime,Christopher Nolan
14,8.7,tt0167261,The Lord of the Rings: The Two Towers,2002,Elijah Wood,Ian McKellen,Viggo Mortensen,Orlando Bloom,Peter Jackson,Adventure,Drama,"While Frodo and Sam edge closer to Mordor with the help of the shifty Gollum, the divided fellowship makes a stand against Sauron's new ally, Saruman, and his hordes of Isengard.",2002-12-18,179,A New Power Is Rising.,J.R.R. Tolkien
15,8.7,tt0073486,One Flew Over the Cuckoo's Nest,1975,Jack Nicholson,Louise Fletcher,Michael Berryman,Peter Brocco,Milos Forman,Drama,nan,A criminal pleads insanity after getting into trouble again and once in the mental institution rebels against the oppressive nurse and rallies up the scared patients.,1975-11-21,133,"If he's crazy, what does that make you?",Lawrence Hauben
16,8.7,tt0099685,Goodfellas,1990,Robert De Niro,Ray Liotta,Joe Pesci,Lorraine Bracco,Martin Scorsese,Biography,Crime,Henry Hill and his friends work their way up through the mob hierarchy.,1990-09-21,146,"""As far back as I can remember, I've always wanted to be a gangster."" -- Henry Hill, Brooklyn, N.Y. 1955.",Nicholas Pileggi
17,8.7,tt0133093,The Matrix,1999,Keanu Reeves,Laurence Fishburne,Carrie-Anne Moss,Hugo Weaving,Lana Wachowski,Action,Sci-Fi,A computer hacker learns from mysterious rebels about the true nature of his reality and his role in the war against its controllers.,1999-03-31,136,Free your mind,Lilly Wachowski
18,8.7,tt0047478,Seven Samurai,1954,Toshirô Mifune,Takashi Shimura,Keiko Tsushima,Yukiko Shimazaki,Akira Kurosawa,Action,Adventure,A poor village under attack by bandits recruits seven unemployed samurai to help them defend themselves.,1956-11-19,158,Will Take Its Place With the Seven Greatest Films of All Time!,Akira Kurosawa
19,8.7,tt0076759,Star Wars: Episode IV - A New Hope,1977,Mark Hamill,Harrison Ford,Carrie Fisher,Alec Guinness,George Lucas,Action,Adventure,"Luke Skywalker joins forces with a Jedi Knight, a cocky pilot, a wookiee and two droids to save the galaxy from the Empire's world-destroying battle-station, while also attempting to rescue Princess Leia from the evil Darth Vader.",1977-05-25,121,It's Back! The Force will be with you for three weeks only. (1979 Reissue Poster),George Lucas
20,8.7,tt0317248,City of God,2002,Alexandre Rodrigues,Matheus Nachtergaele,Leandro Firmino,Phellipe Haagensen,Fernando Meirelles,Crime,Drama,"Two boys growing up in a violent neighborhood of Rio de Janeiro take different paths: one becomes a photographer, the other a drug dealer.",2004-02-13,130,"If you run, the beast will get you. If you stay, the beast will eat you",Paulo Lins
21,8.6,tt0114369,Se7en,1995,Morgan Freeman,Brad Pitt,Kevin Spacey,Andrew Kevin Walker,David Fincher,Crime,Drama,"Two detectives, a rookie and a veteran, hunt a serial killer who uses the seven deadly sins as his modus operandi.",1995-09-22,127,"Long is the way, and hard, that out of hell leads up to light.",Andrew Kevin Walker
22,8.6,tt0102926,The Silence of the Lambs,1991,Jodie Foster,Anthony Hopkins,Lawrence A. Bonney,Kasi Lemmons,Jonathan Demme,Crime,Drama,A young F.B.I. cadet must confide in an incarcerated and manipulative killer to receive his help on catching another serial killer who skins his victims.,1991-02-14,118,"Dr. Hannibal Lecter. Brilliant. Cunning. Psychotic. In his mind lies the clue to a ruthless killer. - Clarice Starling, FBI. Brilliant. Vulnerable. Alone. She must trust him to stop the killer.",Thomas Harris
23,8.6,tt0038650,It's a Wonderful Life,1946,James Stewart,Donna Reed,Lionel Barrymore,Thomas Mitchell,Frank Capra,Drama,Family,An angel helps a compassionate but despairingly frustrated businessman by showing what life would have been like if he never existed.,1947-01-07,130,"Frank Capra's...""It's a Wonderful Life"".",Frances Goodrich
24,8.6,tt0114814,The Usual Suspects,1995,Kevin Spacey,Gabriel Byrne,Chazz Palminteri,Stephen Baldwin,Bryan Singer,Crime,Drama,"A sole survivor tells of the twisty events leading up to a horrific gun battle on a boat, which begin when five criminals meet at a seemingly random police lineup.",1995-09-15,106,The greatest trick the devil ever pulled was to convince the world he didn't exist,Christopher McQuarrie
25,8.6,tt0118799,Life Is Beautiful,1997,Roberto Benigni,Nicoletta Braschi,Giorgio Cantarini,Giustino Durano,Roberto Benigni,Comedy,Drama,"When an open-minded Jewish librarian and his son become victims of the Holocaust, he uses a perfect mixture of will, humor and imagination to protect his son from the dangers around their camp.",1999-02-12,116,"An unforgettable fable that proves love, family and imagination conquer all. (Canadian one sheet)",Vincenzo Cerami
26,8.6,tt0110413,Léon: The Professional,1994,Jean Reno,Gary Oldman,Natalie Portman,Danny Aiello,Luc Besson,Crime,Drama,"Mathilda, a 12-year-old girl, is reluctantly taken in by Léon, a professional assassin, after her family is murdered. Léon and Mathilda form an unusual relationship, as she becomes his protégée and learns the assassin's trade.",1994-11-18,110,"If you want the job done right, hire a professional.",Luc Besson
27,8.6,tt0245429,Spirited Away,2001,Daveigh Chase,Suzanne Pleshette,Miyu Irino,Rumi Hiiragi,Hayao Miyazaki,Animation,Adventure,"During her family's move to the suburbs, a sullen 10-year-old girl wanders into a world ruled by gods, witches, and spirits, and where humans are changed into beasts.",2003-03-28,125,(The tunnel led Chihiro to a mysterious town...),Hayao Miyazaki
28,8.6,tt0120815,Saving Private Ryan,1998,Tom Hanks,Matt Damon,Tom Sizemore,Edward Burns,Steven Spielberg,Action,Drama,"Following the Normandy Landings, a group of U.S. soldiers go behind enemy lines to retrieve a paratrooper whose brothers have been killed in action.",1998-07-24,169,"In the Last Great Invasion of the Last Great War, The Greatest Danger for Eight Men was Saving... One.",Robert Rodat
29,8.6,tt0064116,Once Upon a Time in the West,1968,Henry Fonda,Charles Bronson,Claudia Cardinale,Jason Robards,Sergio Leone,Western,nan,A mysterious stranger with a harmonica joins forces with a notorious desperado to protect a beautiful widow from a ruthless assassin working for the railroad.,1969-07-04,145,There were three men in her life. One to take her... one to love her... and one to kill her.,Sergio Donati
30,8.6,tt0120586,American History X,1998,Edward Norton,Edward Furlong,Beverly D'Angelo,Jennifer Lien,Tony Kaye,Crime,Drama,A former neo-nazi skinhead tries to prevent his younger brother from going down the same wrong path that he did.,1998-11-20,101,His father taught him to hate. His friends taught him rage. His enemies gave him hope.,David McKenna
31,8.6,tt0816692,Interstellar,2014,Matthew McConaughey,Anne Hathaway,Jessica Chastain,Mackenzie Foy,Christopher Nolan,Adventure,Drama,A team of explorers travel through a wormhole in space in an attempt to ensure humanity's survival.,2014-11-07,169,Mankind was born on Earth. It was never meant to die here.,Jonathan Nolan
32,8.6,tt0034583,Casablanca,1942,Humphrey Bogart,Ingrid Bergman,Paul Henreid,Claude Rains,Michael Curtiz,Drama,Romance,"In Casablanca, Morocco in December 1941, a cynical American expatriate meets a former lover, with unforeseen complications.",1943-01-23,102,They had a date with fate in Casablanca!,Julius J. Epstein
33,8.5,tt0054215,Psycho,1960,Anthony Perkins,Janet Leigh,Vera Miles,John Gavin,Alfred Hitchcock,Horror,Mystery,"A Phoenix secretary embezzles $40,000 from her employer's client, goes on the run, and checks into a remote motel run by a young man under the domination of his mother.",1960-09-08,109,The picture you MUST see from the beginning... Or not at all!... For no one will be seated after the start of... Alfred Hitchcock's greatest shocker Psycho.,Joseph Stefano
34,8.6,tt0021749,City Lights,1931,Charles Chaplin,Virginia Cherrill,Florence Lee,Harry Myers,Charles Chaplin,Comedy,Drama,"With the aid of a wealthy erratic tippler, a dewy-eyed tramp who has fallen in love with a sightless flower girl accumulates money to be able to help her medically.",1931-03-07,87,,Charles Chaplin
35,8.5,tt0082971,Raiders of the Lost Ark,1981,Harrison Ford,Karen Allen,Paul Freeman,John Rhys-Davies,Steven Spielberg,Action,Adventure,Archaeologist and adventurer Indiana Jones is hired by the U.S. government to find the Ark of the Covenant before the Nazis.,1981-06-12,115,Indiana Jones - the new hero from the creators of JAWS and STAR WARS.,Lawrence Kasdan
36,8.5,tt0120689,The Green Mile,1999,Tom Hanks,Michael Clarke Duncan,David Morse,Bonnie Hunt,Frank Darabont,Crime,Drama,"The lives of guards on Death Row are affected by one of their charges: a black man accused of child murder and rape, yet who has a mysterious gift.",1999-12-10,189,Miracles do happen.,Stephen King
37,8.6,tt1675434,The Intouchables,2011,François Cluzet,Omar Sy,Anne Le Ny,Audrey Fleurot,Olivier Nakache,Biography,Comedy,"After he becomes a quadriplegic from a paragliding accident, an aristocrat hires a young man from the projects to be his caregiver.",2011-11-02,112,Sometimes you have to reach into someone else's world to find out what's missing in your own.,Olivier Nakache
38,8.6,tt0027977,Modern Times,1936,Charles Chaplin,Paulette Goddard,Henry Bergman,Tiny Sandford,Charles Chaplin,Comedy,Drama,The Tramp struggles to live in modern industrial society with the help of a young homeless woman.,1936-02-25,87,"He stands alone as the greatest entertainer of modern times! No one on earth can make you laugh as heartily or touch your heart as deeply...the whole world laughs, cries and thrills to his priceless genius!",Charles Chaplin
39,8.5,tt0047396,Rear Window,1954,James Stewart,Grace Kelly,Wendell Corey,Thelma Ritter,Alfred Hitchcock,Mystery,Thriller,A wheelchair-bound photographer spies on his neighbours from his apartment window and becomes convinced one of them has committed murder.,1954-09-01,112,The Essential Hitchcock,John Michael Hayes
40,8.5,tt0103064,Terminator 2: Judgment Day,1991,Arnold Schwarzenegger,Linda Hamilton,Edward Furlong,Robert Patrick,James Cameron,Action,Sci-Fi,"A cyborg, identical to the one who failed to kill Sarah Connor, must now protect her young son, John Connor, from a more advanced cyborg, made out of liquid metal.",1991-07-03,153,It's nothing personal.,James Cameron
41,8.5,tt0253474,The Pianist,2002,Adrien Brody,Thomas Kretschmann,Frank Finlay,Emilia Fox,Roman Polanski,Biography,Drama,A Polish Jewish musician struggles to survive the destruction of the Warsaw ghetto of World War II.,2003-03-28,150,Music was his passion. Survival was his masterpiece.,Ronald Harwood
42,8.5,tt0407887,The Departed,2006,Leonardo DiCaprio,Matt Damon,Jack Nicholson,Mark Wahlberg,Martin Scorsese,Crime,Drama,An undercover cop and a mole in the police attempt to identify each other while infiltrating an Irish gang in South Boston.,2006-10-06,151,Lies. Betrayal. Sacrifice. How far will you take it?,William Monahan
43,8.5,tt0088763,Back to the Future,1985,Michael J. Fox,Christopher Lloyd,Lea Thompson,Crispin Glover,Robert Zemeckis,Adventure,Comedy,"Marty McFly, a 17-year-old high school student, is accidentally sent 30 years into the past in a time-traveling DeLorean invented by his close friend, the maverick scientist Doc Brown.",1985-07-03,116,He's the only kid ever to get into trouble before he was born. [UK],Robert Zemeckis
44,8.5,tt2582802,Whiplash,2014,Miles Teller,J.K. Simmons,Melissa Benoist,Paul Reiser,Damien Chazelle,Drama,Music,A promising young drummer enrolls at a cut-throat music conservatory where his dreams of greatness are mentored by an instructor who will stop at nothing to realize a student's potential.,2014-10-15,107,The road to greatness can take you to the edge,Damien Chazelle
45,8.5,tt0172495,Gladiator,2000,Russell Crowe,Joaquin Phoenix,Connie Nielsen,Oliver Reed,Ridley Scott,Action,Adventure,"When a Roman general is betrayed and his family murdered by an emperor's corrupt son, he comes to Rome as a gladiator to seek revenge.",2000-05-05,155,"Father of a murdered son, husband to a murdered wife and I shall have my vengeance in this life or the next",David Franzoni
46,8.5,tt0209144,Memento,2000,Guy Pearce,Carrie-Anne Moss,Joe Pantoliano,Mark Boone Junior,Christopher Nolan,Mystery,Thriller,A man juggles searching for his wife's murderer and keeping his short-term memory loss from being an obstacle.,2001-05-25,113,Some memories are best forgotten,Christopher Nolan
47,8.5,tt0078788,Apocalypse Now,1979,Martin Sheen,Marlon Brando,Robert Duvall,Frederic Forrest,Francis Ford Coppola,Drama,War,"During the Vietnam War, Captain Willard is sent on a dangerous mission into Cambodia to assassinate a renegade colonel who has set himself up as a god among a local tribe.",1979-08-15,153,The Horror. . . The Horror. . .,John Milius
48,8.5,tt0482571,The Prestige,2006,Christian Bale,Hugh Jackman,Scarlett Johansson,Michael Caine,Christopher Nolan,Drama,Mystery,Two stage magicians engage in competitive one-upmanship in an attempt to create the ultimate stage illusion.,2006-10-20,130,A Friendship That Became a Rivalry.,Jonathan Nolan
49,8.5,tt0110357,The Lion King,1994,Matthew Broderick,Jeremy Irons,James Earl Jones,Whoopi Goldberg,Roger Allers,Animation,Adventure,Lion cub and future king Simba searches for his identity. His eagerness to please others and penchant for testing his boundaries sometimes gets him into trouble.,1994-06-24,89,See it for the first time ever in 3D (2011 3D re-release),Irene Mecchi
50,8.5,tt0078748,Alien,1979,Sigourney Weaver,Tom Skerritt,John Hurt,Veronica Cartwright,Ridley Scott,Horror,Sci-Fi,"After a space merchant vessel perceives an unknown transmission as distress call, their landing on the source moon finds one of the crew attacked by a mysterious lifeform. Continuing their journey back to Earth with the attacked crew having recovered and the critter deceased, they soon realize that its life cycle has merely begun.",1979-06-22,117,In space no one can hear you scream.,Dan O'Bannon
51,8.5,tt0057012,Dr. Strangelove or: How I Learned to Stop Worrying and Love the Bomb,1964,Peter Sellers,George C. Scott,Sterling Hayden,Keenan Wynn,Stanley Kubrick,Comedy,nan,An insane general triggers a path to nuclear holocaust that a war room full of politicians and generals frantically try to stop.,1964-01-29,95,The comedy classic from celebrated director STANLEY KUBRICK,Stanley Kubrick
52,8.5,tt0043014,Sunset Blvd.,1950,William Holden,Gloria Swanson,Erich von Stroheim,Nancy Olson,Billy Wilder,Drama,Film-Noir,A hack screenwriter writes a screenplay for a former silent-film star who has faded into Hollywood obscurity.,1950-09-29,110,A Hollywood Story,Charles Brackett
53,8.5,tt0032553,The Great Dictator,1940,Charles Chaplin,Paulette Goddard,Jack Oakie,Reginald Gardiner,Charles Chaplin,Comedy,Drama,Dictator Adenoid Hynkel tries to expand his empire while a poor Jewish barber tries to avoid persecution from Hynkel's regime.,1941-03-07,125,The Comedy Masterpiece!,Charles Chaplin
54,8.5,tt0405094,The Lives of Others,2006,Ulrich Mühe,Martina Gedeck,Sebastian Koch,Ulrich Tukur,Florian Henckel von Donnersmarck,Drama,Thriller,"In 1984 East Berlin, an agent of the secret police, conducting surveillance on a writer and his lover, finds himself becoming increasingly absorbed by their lives.",2007-03-30,137,"Before the Fall of the Berlin Wall, East Germany's Secret Police Listened to Your Secrets",Florian Henckel von Donnersmarck
55,8.5,tt0095765,Cinema Paradiso,1988,Philippe Noiret,Enzo Cannavale,Antonella Attili,Isa Danieli,Giuseppe Tornatore,Drama,nan,"A filmmaker recalls his childhood, when he fell in love with the movies at his village's theater and formed a deep friendship with the theater's projectionist.",1990-02-23,155,"A celebration of youth, friendship, and the everlasting magic of the movies.",Giuseppe Tornatore
56,8.5,tt0050825,Paths of Glory,1957,Kirk Douglas,Ralph Meeker,Adolphe Menjou,George Macready,Stanley Kubrick,Drama,War,"After refusing to attack an enemy position, a general accuses the soldiers of cowardice and their commanding officer must defend them.",1957-10-25,88,Never has the screen thrust so deeply into the guts of war!,Stanley Kubrick
57,8.5,tt1853728,Django Unchained,2012,Jamie Foxx,Christoph Waltz,Leonardo DiCaprio,Kerry Washington,Quentin Tarantino,Drama,Western,"With the help of a German bounty hunter, a freed slave sets out to rescue his wife from a brutal Mississippi plantation owner.",2012-12-25,165,"Life, liberty and the pursuit of vengeance.",Quentin Tarantino
58,8.4,tt0081505,The Shining,1980,Jack Nicholson,Shelley Duvall,Danny Lloyd,Scatman Crothers,Stanley Kubrick,Drama,Horror,"A family heads to an isolated hotel for the winter where an evil and spiritual presence influences the father into violence, while his psychic son sees horrific forebodings from the past and of the future.",1980-06-13,142,Iconic terror from the No 1 bestselling writer.,Stephen King
59,8.5,tt0095327,Grave of the Fireflies,1988,Tsutomu Tatsumi,Ayano Shiraishi,Akemi Yamaguchi,Yoshiko Shinohara,Isao Takahata,Animation,Drama,A young boy and his little sister struggle to survive in Japan during World War II.,1988-04-16,89,,Akiyuki Nosaka
60,8.4,tt0910970,WALL·E,2008,Ben Burtt,Elissa Knight,Jeff Garlin,Fred Willard,Andrew Stanton,Animation,Adventure,"In the distant future, a small waste-collecting robot inadvertently embarks on a space journey that will ultimately decide the fate of mankind.",2008-06-27,98,After 700 years of doing what he was built for - he'll discover what he's meant for.,Andrew Stanton
61,8.5,tt1345836,The Dark Knight Rises,2012,Christian Bale,Tom Hardy,Anne Hathaway,Gary Oldman,Christopher Nolan,Action,Thriller,"Eight years after the Joker's reign of anarchy, the Dark Knight, with the help of the enigmatic Selina, is forced from his imposed exile to save Gotham City, now on the edge of total annihilation, from the brutal guerrilla terrorist Bane.",2012-07-20,164,The Legend Ends,Jonathan Nolan
62,8.4,tt0169547,American Beauty,1999,Kevin Spacey,Annette Bening,Thora Birch,Wes Bentley,Sam Mendes,Drama,Romance,A sexually frustrated suburban father has a mid-life crisis after becoming infatuated with his daughter's best friend.,1999-10-01,122,... look closer,Alan Ball
63,8.4,tt0119698,Princess Mononoke,1997,Yôji Matsuda,Yuriko Ishida,Yûko Tanaka,Billy Crudup,Hayao Miyazaki,Animation,Adventure,"On a journey to find the cure for a Tatarigami's curse, Ashitaka finds himself in the middle of a war between the forest gods and Tatara, a mining colony. In this quest he also meets San, the Mononoke Hime.",1997-07-12,134,Live on.,Hayao Miyazaki
64,8.4,tt0090605,Aliens,1986,Sigourney Weaver,Michael Biehn,Carrie Henn,Paul Reiser,James Cameron,Action,Adventure,"The moon from ""Alien"" has been colonized, but contact is lost. This time, the rescue team has impressive firepower, but will it be enough?",1986-07-18,154,This time there's more.,James Cameron
65,8.4,tt0364569,Oldboy,2003,Min-sik Choi,Ji-tae Yu,Hye-jeong Kang,Dae-han Ji,Chan-wook Park,Drama,Mystery,"After being kidnapped and imprisoned for fifteen years, Oh Dae-Su is released, only to find that he must find his captor in five days.",2003-11-21,120,"15 years of imprisonment, five days of vengeance",Garon Tsuchiya
66,8.4,tt0087843,Once Upon a Time in America,1984,Robert De Niro,James Woods,Elizabeth McGovern,Joe Pesci,Sergio Leone,Crime,Drama,"A former Prohibition-era Jewish gangster returns to the Lower East Side of Manhattan over thirty years later, where he once again must confront the ghosts and regrets of his old life.",1984-06-01,139,"Crime, passion and lust for power - Sergio Leone's explosive saga of gangland America. [Australia Theatrical]",Harry Grey
67,8.4,tt0033467,Citizen Kane,1941,Orson Welles,Joseph Cotten,Dorothy Comingore,Agnes Moorehead,Orson Welles,Drama,Mystery,"Following the death of a publishing tycoon, news reporters scramble to discover the meaning of his final utterance.",1941-09-05,119,Radio's Most Dynamic Artist . . The Man At Whose Voice A Nation Trembled . . . Now the screen's most exciting NEW star ! ORSON WELLES in the picture Hollywood said he'd never make,Herman J. Mankiewicz
68,8.4,tt0082096,Das Boot,1981,Jürgen Prochnow,Herbert Grönemeyer,Klaus Wennemann,Hubertus Bengsch,Wolfgang Petersen,Adventure,Drama,"The claustrophobic world of a WWII German U-boat; boredom, filth, and sheer terror.",1982-02-10,239,"This is the story of 42 raw recruits caught up in a war they didn't understand, and the Captain who must lead them in their struggle to survive.",Wolfgang Petersen
69,8.4,tt0051201,Witness for the Prosecution,1957,Tyrone Power,Marlene Dietrich,Charles Laughton,Elsa Lanchester,Billy Wilder,Crime,Drama,A veteran British barrister must defend his client in a murder trial that has surprise after surprise.,1958-02-06,116,The most electrifying entertainment of our time!,Agatha Christie
70,8.4,tt0053125,North by Northwest,1959,Cary Grant,Eva Marie Saint,James Mason,Jessie Royce Landis,Alfred Hitchcock,Action,Adventure,"A hapless New York advertising executive is mistaken for a government agent by a group of foreign spies, and is pursued across the country while he looks for a way to survive.",1959-09-26,136,Alfred Hitchcock takes you.... North by Northwest!,Ernest Lehman
71,8.4,tt0052357,Vertigo,1958,James Stewart,Kim Novak,Barbara Bel Geddes,Tom Helmore,Alfred Hitchcock,Mystery,Romance,"A San Francisco detective suffering from acrophobia investigates the strange activities of an old friend's wife, all the while becoming dangerously obsessed with her.",1958-07-21,129,A Hitchcock thriller. You should see it from the beginning!,Alec Coppel
72,8.4,tt0086190,Star Wars: Episode VI - Return of the Jedi,1983,Mark Hamill,Harrison Ford,Carrie Fisher,Billy Dee Williams,Richard Marquand,Action,Adventure,"After rescuing Han Solo from the palace of Jabba the Hutt, the rebels attempt to destroy the second Death Star, while Luke struggles to make Vader return from the dark side of the Force.",1983-05-25,131,"Coming May 25, 1983 to your galaxy. [Second Advance poster]",Lawrence Kasdan
73,8.4,tt0022100,M,1931,Peter Lorre,Ellen Widmann,Inge Landgut,Otto Wernicke,Fritz Lang,Crime,Drama,"When the police in a German city are unable to catch a child-murderer, other criminals join in the manhunt.",1931-08-31,99,,Thea von Harbou
74,8.4,tt0105236,Reservoir Dogs,1992,Harvey Keitel,Tim Roth,Michael Madsen,Chris Penn,Quentin Tarantino,Crime,Drama,"After a simple jewelry heist goes terribly wrong, the surviving criminals begin to suspect that one of them is a police informant.",1992-09-02,99,Seven Total Strangers Team Up For The Perfect Crime. They Don't Know Each Other's Name. But They've Got Each Other's Color,Quentin Tarantino
75,8.4,tt0112573,Braveheart,1995,Mel Gibson,Sophie Marceau,Patrick McGoohan,Angus Macfadyen,Mel Gibson,Biography,Drama,"When his secret bride is executed for assaulting an English soldier who tried to rape her, William Wallace begins a revolt against King Edward I of England.",1995-05-24,178,The courage to face fear,Randall Wallace
76,8.4,tt0211915,Amélie,2001,Audrey Tautou,Mathieu Kassovitz,Rufus,Lorella Cravotta,Jean-Pierre Jeunet,Comedy,Romance,"Amélie is an innocent and naive girl in Paris with her own sense of justice. She decides to help those around her and, along the way, discovers love.",2002-02-08,122,One person can change your life forever.,Guillaume Laurant
77,8.4,tt0180093,Requiem for a Dream,2000,Ellen Burstyn,Jared Leto,Jennifer Connelly,Marlon Wayans,Darren Aronofsky,Drama,nan,The drug-induced utopias of four Coney Island people are shattered when their addictions run deep.,2000-12-15,102,From the director of [Pi],Hubert Selby Jr.
78,8.5,tt0986264,Like Stars on Earth,2007,Darsheel Safary,Aamir Khan,Tanay Chheda,Sachet Engineer,Aamir Khan,Drama,Family,"An eight-year-old boy is thought to be lazy and a trouble-maker, until the new art teacher has the patience and compassion to discover the real problem behind his struggles in school.",2007-12-21,165,Every Child is Special,Amole Gupte
79,8.3,tt0066921,A Clockwork Orange,1971,Malcolm McDowell,Patrick Magee,Michael Bates,Warren Clarke,Stanley Kubrick,Crime,Drama,"In future Britain, Alex DeLarge, a charismatic and psycopath delinquent, who likes to practice crimes and ultra-violence with his gang, is jailed and volunteers for an experimental aversion therapy developed by the government in an effort to solve society's crime problem - but not all goes according to plan.",1972-02-02,136,"Being the adventures of a young man ... who couldn't resist pretty girls ... or a bit of the old ultra-violence ... went to jail, was re-conditioned ... and came out a different young man ... or was he ?",Stanley Kubrick
80,8.7,tt0476735,My Father and My Son,2005,Fikret Kuskan,Çetin Tekindor,Hümeyra,Serif Sezer,Çagan Irmak,Drama,nan,The family of a left-wing journalist is torn apart after a military coup in 1980's Turkey.,2005-11-18,108,"Give him a room dad, he has no place to go...",Çagan Irmak
81,8.3,tt0075314,Taxi Driver,1976,Robert De Niro,Jodie Foster,Cybill Shepherd,Albert Brooks,Martin Scorsese,Crime,Drama,"A mentally unstable Vietnam War veteran works as a night-time taxi driver in New York City where the perceived decadence and sleaze feeds his urge for violent action, attempting to save a preadolescent prostitute in the process.",1976-02-08,113,"On every street in every city, there's a nobody who dreams of being a somebody.",Paul Schrader
82,8.4,tt0036775,Double Indemnity,1944,Fred MacMurray,Barbara Stanwyck,Edward G. Robinson,Byron Barr,Billy Wilder,Crime,Drama,An insurance representative lets himself be talked into a murder/insurance fraud scheme that arouses an insurance investigator's suspicions.,1944-04-24,107,It's Love And Murder At First Sight !,Billy Wilder
83,8.4,tt0056172,Lawrence of Arabia,1962,Peter O'Toole,Alec Guinness,Anthony Quinn,Jack Hawkins,David Lean,Adventure,Biography,"The story of T.E. Lawrence, the English officer who successfully united and lead the diverse, often warring, Arab tribes during World War I in order to fight the Turks.",1962-12-11,227,A Mighty Motion Picture Of Action And Adventure!,T.E. Lawrence
84,8.3,tt0056592,To Kill a Mockingbird,1962,Gregory Peck,John Megna,Frank Overton,Rosemary Murphy,Robert Mulligan,Crime,Drama,"Atticus Finch, a lawyer in the Depression-era South, defends a black man against an undeserved rape charge, and his children against prejudice.",1963-03-16,129,The most beloved and widely read Pulitzer Prize Winner now comes vividly alive on the screen!,Harper Lee
85,8.3,tt0435761,Toy Story 3,2010,Tom Hanks,Tim Allen,Joan Cusack,Ned Beatty,Lee Unkrich,Animation,Adventure,"The toys are mistakenly delivered to a day-care center instead of the attic right before Andy leaves for college, and it's up to Woody to convince the other toys that they weren't abandoned and to return home.",2010-06-18,103,The Breakout Comedy Of The Summer,John Lasseter
86,8.3,tt0338013,Eternal Sunshine of the Spotless Mind,2004,Jim Carrey,Kate Winslet,Tom Wilkinson,Gerry Robert Byrne,Michel Gondry,Drama,Fantasy,"When their relationship turns sour, a couple undergoes a procedure to have each other erased from their memories. But it is only through the process of loss that they discover what they had to begin with.",2004-03-19,108,I already forget how I used to feel about you.,Charlie Kaufman
87,8.3,tt0086879,Amadeus,1984,F. Murray Abraham,Tom Hulce,Elizabeth Berridge,Roy Dotrice,Milos Forman,Biography,Drama,"The incredible story of Wolfgang Amadeus Mozart, told by his peer and secret rival Antonio Salieri - now confined to an insane asylum.",1985-04-05,160,The man... The music... The madness... The murder... The motion picture...,Peter Shaffer
88,8.3,tt0093058,Full Metal Jacket,1987,Matthew Modine,R. Lee Ermey,Vincent D'Onofrio,Adam Baldwin,Stanley Kubrick,Drama,War,A pragmatic U.S. Marine observes the dehumanizing effects the Vietnam War has on his fellow recruits from their brutal boot camp training to the bloody street fighting in Hue.,1987-07-10,116,An Epic Story of the Vietnam War [Australia Theatrical],Gustav Hasford
89,8.3,tt0070735,The Sting,1973,Paul Newman,Robert Redford,Robert Shaw,Charles Durning,George Roy Hill,Comedy,Crime,"In Chicago in September 1936, a young con man seeking revenge for his murdered partner teams up with a master of the big con to win a fortune from a criminal banker.",1973-12-25,129,"Recapture ""the STING Experience"". REMEMBER HOW GOOD THE FEEL WAS THE FIRST TIME (re-release)",David S. Ward
90,8.3,tt0062622,2001: A Space Odyssey,1968,Keir Dullea,Gary Lockwood,William Sylvester,Daniel Richter,Stanley Kubrick,Adventure,Mystery,"Humanity finds a mysterious, obviously artificial object buried beneath the Lunar surface and, with the intelligent computer H.A.L. 9000, sets off on a quest.",1968-04-11,149,Let the Awe and Mystery of a Journey Unlike Any Other Begin,Stanley Kubrick
91,8.3,tt0040522,Bicycle Thieves,1948,Lamberto Maggiorani,Enzo Staiola,Lianella Carell,Gino Saltamerenda,Vittorio De Sica,Drama,,"In post-war Italy, a working-class man's bicycle is stolen. He and his son set out to find it.",1949-12-13,89,,Cesare Zavattini
92,8.3,tt0114709,Toy Story,1995,Tom Hanks,Tim Allen,Don Rickles,Jim Varney,John Lasseter,Animation,Adventure,A cowboy doll is profoundly threatened and jealous when a new spaceman figure supplants him as top toy in a boy's room.,1995-11-22,81,"""Oooh...3-D"" (USA 2009 re-release)",John Lasseter
93,8.3,tt0208092,Snatch,2000,Jason Statham,Brad Pitt,Benicio Del Toro,Dennis Farina,Guy Ritchie,Comedy,Crime,"Unscrupulous boxing promoters, violent bookmakers, a Russian gangster, incompetent amateur robbers, and supposedly Jewish jewelers fight to track down a priceless stolen diamond.",2001-01-19,102,Stealin' Stones and Breakin' Bones,Guy Ritchie
94,8.3,tt0045152,Singin' in the Rain,1952,Gene Kelly,Donald O'Connor,Debbie Reynolds,Jean Hagen,Stanley Donen,Comedy,Musical,A silent film production company and cast make a difficult transition to sound.,1952-04-11,103,Singin' Swingin' Glorious Feelin' Technicolor Musical,Betty Comden
95,8.3,tt0361748,Inglourious Basterds,2009,Brad Pitt,Diane Kruger,Eli Roth,Mélanie Laurent,Quentin Tarantino,Adventure,Drama,"In Nazi-occupied France during World War II, a plan to assassinate Nazi leaders by a group of Jewish U.S. soldiers coincides with a theatre owner's vengeful plans for the same.",2009-08-21,153,Once upon a time in Nazi occupied France...,Quentin Tarantino
96,8.3,tt0012349,The Kid,1921,Charles Chaplin,Edna Purviance,Jackie Coogan,Carl Miller,Charles Chaplin,Comedy,Drama,"The Tramp cares for an abandoned child, but events put that relationship in jeopardy.",1921-02-06,68,This is the great film he has been working on for a whole year,Charles Chaplin
97,8.3,tt0071853,Monty Python and the Holy Grail,1975,Graham Chapman,John Cleese,Eric Idle,Terry Gilliam,Terry Gilliam,Adventure,Comedy,"King Arthur and his knights embark on a low-budget search for the Grail, encountering many, very silly obstacles.",1975-05-25,91,You can do worse than see it.,Graham Chapman
98,8.4,tt2543164,Arrival,2016,Amy Adams,Jeremy Renner,Forest Whitaker,Michael Stuhlbarg,Denis Villeneuve,Drama,Mystery,A linguist is recruited by the military to assist in translating alien communications.,2016-11-11,116,Why are they here?,Eric Heisserer
99,8.3,tt0119488,L.A. Confidential,1997,Kevin Spacey,Russell Crowe,Guy Pearce,Kim Basinger,Curtis Hanson,Crime,Drama,"As corruption grows in 1950s LA, three policemen - one strait-laced, one brutal, and one sleazy - investigate a series of murders with their own brand of justice.",1997-09-19,138,"Off the record, on the QT, and very hush-hush...",James Ellroy
100,8.3,tt0059578,For a Few Dollars More,1965,Clint Eastwood,Lee Van Cleef,Gian Maria Volontè,Mario Brega,Sergio Leone,Western,nan,Two bounty hunters with the same intentions team up to track down a Western outlaw.,1967-05-10,132,The man with no name is back.,Sergio Leone
101,8.4,tt1187043,3 Idiots,2009,Aamir Khan,Madhavan,Mona Singh,Sharman Joshi,Rajkumar Hirani,Comedy,Drama,"Two friends are searching for their long lost companion. They revisit their college days and recall the memories of their friend who inspired them to think differently, even as the rest of the world called them ""idiots"".",2009-12-24,170,,Rajkumar Hirani
102,8.3,tt0042876,Rashomon,1950,Toshirô Mifune,Machiko Kyô,Masayuki Mori,Takashi Shimura,Akira Kurosawa,Crime,Drama,A heinous crime and its aftermath are recalled from differing points of view.,1951-12-26,88,"The husband, the wife...or the bandit?",Ryûnosuke Akutagawa
103,8.3,tt0086250,Scarface,1983,Al Pacino,Michelle Pfeiffer,Steven Bauer,Mary Elizabeth Mastrantonio,Brian De Palma,Crime,Drama,"In Miami in 1980, a determined Cuban immigrant takes over a drug cartel and succumbs to greed.",1983-12-09,170,He was Tony Montana. The world will remember him by another name...SCARFACE.,Oliver Stone
104,8.3,tt0053604,The Apartment,1960,Jack Lemmon,Shirley MacLaine,Fred MacMurray,Ray Walston,Billy Wilder,Comedy,Drama,"A man tries to rise in his company by letting its executives use his apartment for trysts, but complications and a romance of his own ensue.",1960-09-16,125,"Movie-wise, there has never been anything like ""The Apartment"" - laugh-wise, love-wise, or otherwise-wise!",Billy Wilder
105,8.3,tt0097576,Indiana Jones and the Last Crusade,1989,Harrison Ford,Sean Connery,Alison Doody,Denholm Elliott,Steven Spielberg,Action,Adventure,"When Dr. Henry Jones Sr. suddenly goes missing while pursuing the Holy Grail, eminent archaeologist Indiana Jones must follow in his father's footsteps and stop the Nazis.",1989-05-24,127,He's back in an all new adventure. Memorial Day 1989.,Jeffrey Boam
106,8.6,tt0109117,Andaz Apna Apna,1994,Aamir Khan,Salman Khan,Raveena Tandon,Karisma Kapoor,Rajkumar Santoshi,Comedy,Family,"Two slackers competing for the affections of an heiress, inadvertently become her protectors from an evil criminal.",1994-11-04,160,,Rajkumar Santoshi
107,8.4,tt1832382,A Separation,2011,Peyman Moaadi,Leila Hatami,Sareh Bayat,Shahab Hosseini,Asghar Farhadi,Drama,Mystery,A married couple are faced with a difficult decision - to improve the life of their child by moving to another country or to stay in Iran and look after a deteriorating parent who has Alzheimer's disease.,2011-03-16,123,"Ugly truth, sweet lies",Asghar Farhadi
108,8.3,tt2106476,The Hunt,2012,Mads Mikkelsen,Thomas Bo Larsen,Annika Wedderkopp,Lasse Fogelstrøm,Thomas Vinterberg,Drama,nan,"A teacher lives a lonely life, all the while struggling over his son's custody. His life slowly gets better as he finds love and receives good news from his son, but his new luck is about to be brutally shattered by an innocent little lie.",2012-10-25,115,The lie is spreading.,Tobias Lindholm
109,8.3,tt0017136,Metropolis,1927,Brigitte Helm,Alfred Abel,Gustav Fröhlich,Rudolf Klein-Rogge,Fritz Lang,Drama,Sci-Fi,"In a futuristic city sharply divided between the working class and the city planners, the son of the city's mastermind falls in love with a working class prophet who predicts the coming of a savior to mediate their differences.",1927-03-13,114,Fritz Lang's 1927 Masterpiece Now With 25 Minutes of Lost Footage (2010 re-release),Thea von Harbou
110,8.3,tt0119217,Good Will Hunting,1997,Robin Williams,Matt Damon,Ben Affleck,Stellan Skarsgård,Gus Van Sant,Drama,nan,"Will Hunting, a janitor at M.I.T., has a gift for mathematics, but needs help from a psychologist to find direction in his life.",1998-01-09,126,"Some people can never believe in themselves, until someone believes in them.",Matt Damon
111,8.3,tt0042192,All About Eve,1950,Bette Davis,Anne Baxter,George Sanders,Celeste Holm,Joseph L. Mankiewicz,Drama,nan,An ingenue insinuates herself into the company of an established but aging stage actress and her circle of theater friends.,1951-01-15,138,It's all about women---and their men!,Joseph L. Mankiewicz
112,8.3,tt0055630,Yojimbo,1961,Toshirô Mifune,Eijirô Tôno,Tatsuya Nakadai,Yôko Tsukasa,Akira Kurosawa,Action,Drama,A crafty ronin comes to a town divided by two criminal gangs and decides to play them against each other to free the town.,1961-09-13,110,,Akira Kurosawa
113,8.3,tt0372784,Batman Begins,2005,Christian Bale,Michael Caine,Ken Watanabe,Liam Neeson,Christopher Nolan,Action,Adventure,"After training with his mentor, Batman begins his fight to free crime-ridden Gotham City from the corruption that Scarecrow and the League of Shadows have cast upon it.",2005-06-15,140,The legend begins.,Bob Kane
114,8.3,tt0040897,The Treasure of the Sierra Madre,1948,Humphrey Bogart,Walter Huston,Tim Holt,Bruce Bennett,John Huston,Adventure,Drama,"Fred Dobbs and Bob Curtin, two Americans searching for work in Mexico, convince an old prospector to help them mine for gold in the Sierra Madre Mountains.",1948-01-24,126,Storming to a New High in High Adventure !,John Huston
115,8.3,tt0053291,Some Like It Hot,1959,Marilyn Monroe,Tony Curtis,Jack Lemmon,George Raft,Billy Wilder,Comedy,Romance,"When two male musicians witness a mob hit, they flee the state in an all-female band disguised as women, but further complications set in.",1959-04-14,120,The movie too HOT for words!,Billy Wilder
116,8.3,tt1049413,Up,2009,Edward Asner,Jordan Nagai,John Ratzenberger,Christopher Plummer,Pete Docter,Animation,Adventure,"Seventy-eight year old Carl Fredricksen travels to Paradise Falls in his home equipped with balloons, inadvertently taking a young stowaway.",2009-05-29,96,Fly Up to Venezuela,Pete Docter
117,8.3,tt0105695,Unforgiven,1992,Clint Eastwood,Gene Hackman,Morgan Freeman,Richard Harris,Clint Eastwood,Drama,Western,"Retired Old West gunslinger William Munny reluctantly takes on one last job, with the help of his old partner and a young man.",1992-08-07,131,"It's a hell of a thing, killing a man",David Webb Peoples
118,8.3,tt0041959,The Third Man,1949,Orson Welles,Joseph Cotten,Alida Valli,Trevor Howard,Carol Reed,Film-Noir,Mystery,"Pulp novelist Holly Martins travels to shadowy, postwar Vienna, only to find himself investigating the mysterious death of an old friend, Harry Lime.",1949-08-31,93,Carol Reed's Classic Thriller,Graham Greene
119,8.3,tt0363163,Downfall,2004,Bruno Ganz,Alexandra Maria Lara,Ulrich Matthes,Juliane Köhler,Oliver Hirschbiegel,Biography,Drama,"Traudl Junge, the final secretary for Adolf Hitler, tells of the Nazi dictator's final days in his Berlin bunker at the end of WWII.",2005-04-08,156,"April 1945, a nation awaits its...",Bernd Eichinger
120,8.3,tt0081398,Raging Bull,1980,Robert De Niro,Cathy Moriarty,Joe Pesci,Frank Vincent,Martin Scorsese,Biography,Drama,"An emotionally self-destructive boxer's journey through life, as the violence and temper that leads him to the top in the ring destroys his life outside it.",1980-12-19,129,,Jake LaMotta
121,8.2,tt0095016,Die Hard,1988,Bruce Willis,Alan Rickman,Bonnie Bedelia,Reginald VelJohnson,John McTiernan,Action,Thriller,"John McClane, officer of the NYPD, tries to save his wife Holly Gennaro and several others that were taken hostage by German terrorist Hans Gruber during a Christmas party at the Nakatomi Plaza in Los Angeles.",1988-07-20,131,It will blow you through the back wall of the theater!,Roderick Thorp
122,8.4,tt0118849,Children of Heaven,1997,Mohammad Amir Naji,Amir Farrokh Hashemian,Bahare Seddiqi,Nafise Jafar-Mohammadi,Majid Majidi,Drama,Family,"After a boy loses his sister's pair of shoes, he goes on a series of adventures in order to find them. When he can't, he tries a new way to ""win"" a new pair.",1999-01-22,89,A Little Secret...Their Biggest Adventure!,Majid Majidi
123,8.5,tt0242519,Hera Pheri,2000,Akshay Kumar,Paresh Rawal,Sunil Shetty,Tabu,Priyadarshan,Comedy,Crime,"Three unemployed men find the answer to all their money problems when they recieve a call from a kidnapper. However, things do not go as planned...",2000-03-31,156,,Siddique
124,8.3,tt0057115,The Great Escape,1963,Steve McQueen,James Garner,Richard Attenborough,Charles Bronson,John Sturges,Adventure,Drama,Allied prisoners of war plan for several hundred of their number to escape from a German camp during World War II.,1963-07-04,172,put a fence in front of these men...and they'll climb it...,Paul Brickhill
125,8.2,tt0113277,Heat,1995,Al Pacino,Robert De Niro,Val Kilmer,Jon Voight,Michael Mann,Action,Crime,A group of professional bank robbers start to feel the heat from police when they unknowingly leave a clue at their latest heist.,1995-12-15,170,A Los Angeles Crime Saga,Michael Mann
126,8.2,tt0071315,Chinatown,1974,Jack Nicholson,Faye Dunaway,John Huston,Perry Lopez,Roman Polanski,Drama,Mystery,"A private detective hired to expose an adulterer finds himself caught up in a web of deceit, corruption and murder.",1974-06-20,130,You get tough. You get tender. You get close to each other. Maybe you even get close to the truth.,Robert Towne
127,8.2,tt2096673,Inside Out,2015,Amy Poehler,Bill Hader,Lewis Black,Mindy Kaling,Pete Docter,Animation,Adventure,"After young Riley is uprooted from her Midwest life and moved to San Francisco, her emotions - Joy, Fear, Anger, Disgust and Sadness - conflict on how best to navigate a new city, house, and school.",2015-06-19,95,Meet the little voices inside your head.,Pete Docter
128,8.5,tt0116231,The Bandit,1996,Sener Sen,Ugur Yücel,Sermin Hürmeriç,Yesim Salkim,Yavuz Turgul,Crime,Drama,The epic adventures of the legendary Baran the Bandit following his release from prison. After serving 35 years...,1996-11-29,128,,Yavuz Turgul
129,8.4,tt1280558,A Wednesday,2008,Anupam Kher,Naseeruddin Shah,Jimmy Shergill,Deepal Shaw,Neeraj Pandey,Crime,Drama,A retiring police officer reminisces about the most astounding day of his career. About a case that was never filed but continues to haunt him in his memories - the case of a man and a Wednesday.,2008-09-05,104,,Neeraj Pandey
130,8.2,tt0457430,Pan's Labyrinth,2006,Ivana Baquero,Ariadna Gil,Sergi López,Maribel Verdú,Guillermo del Toro,Drama,Fantasy,"In the falangist Spain of 1944, the bookish young stepdaughter of a sadistic army officer escapes into an eerie but captivating fantasy world.",2007-01-19,118,What happens when make-believe believes it's real?,Guillermo del Toro
131,8.3,tt0044741,Ikiru,1952,Takashi Shimura,Nobuo Kaneko,Shin'ichi Himori,Haruo Tanaka,Akira Kurosawa,Drama,nan,A bureaucrat tries to find a meaning in his life after he discovers he has terminal cancer.,1956-03-25,143,One of the Great Films of Our Time!,Akira Kurosawa
132,8.2,tt0096283,My Neighbor Totoro,1988,Hitoshi Takagi,Noriko Hidaka,Chika Sakamoto,Shigesato Itoi,Hayao Miyazaki,Animation,Family,"When two girls move to the country to be near their ailing mother, they have adventures with the wonderous forest spirits who live nearby.",1988-04-16,86,,Hayao Miyazaki
133,8.2,tt0047296,On the Waterfront,1954,Marlon Brando,Karl Malden,Lee J. Cobb,Rod Steiger,Elia Kazan,Crime,Drama,An ex-prize fighter turned longshoreman struggles to stand up to his corrupt union bosses.,1954-06-22,108,The Man Lived by the Jungle Law of the Docks!,Budd Schulberg
134,8.2,tt3170832,Room,2015,Brie Larson,Jacob Tremblay,Sean Bridgers,Wendy Crewson,Lenny Abrahamson,Drama,nan,A young boy is raised within the confines of a small shed.,2016-01-22,118,Love knows no boundaries,Emma Donoghue
135,8.3,tt0089881,Ran,1985,Tatsuya Nakadai,Akira Terao,Jinpachi Nezu,Daisuke Ryû,Akira Kurosawa,Action,Drama,"In Medieval Japan, an elderly warlord retires, handing over his empire to his three sons. However, he vastly underestimates how the new-found power will corrupt them and cause them to turn on each other...and him.",1985-06-01,162,,Akira Kurosawa
136,8.2,tt0015864,The Gold Rush,1925,Charles Chaplin,Mack Swain,Tom Murray,Henry Bergman,Charles Chaplin,Adventure,Comedy,A prospector goes to the Klondike in search of gold and finds it and more.,1925-01-01,72,,Charles Chaplin
137,8.2,tt0050212,The Bridge on the River Kwai,1957,William Holden,Alec Guinness,Jack Hawkins,Sessue Hayakawa,David Lean,Adventure,Drama,"After settling his differences with a Japanese PoW camp commander, a British colonel co-operates to oversee his men's construction of a railway bridge for their captors - while oblivious to a plan by the Allies to destroy it.",1957-12-14,161,It spans a whole new world of entertainment!,Pierre Boulle
138,8.2,tt1305806,The Secret in Their Eyes,2009,Ricardo Darín,Soledad Villamil,Pablo Rago,Carla Quevedo,Juan José Campanella,Drama,Mystery,A retired legal counselor writes a novel hoping to find closure for one of his past unresolved homicide cases and for his unreciprocated love with his superior - both of which still haunt him decades later.,2010-05-21,129,,Eduardo Sacheri
139,8.2,tt0031679,Mr. Smith Goes to Washington,1939,James Stewart,Jean Arthur,Claude Rains,Edward Arnold,Frank Capra,Comedy,Drama,"A naive man is appointed to fill a vacancy in the United States Senate. His plans promptly collide with political corruption, but he doesn't back down.",1939-10-19,129,Capra at his greatest!,Sidney Buchman
140,8.2,tt0083658,Blade Runner,1982,Harrison Ford,Rutger Hauer,Sean Young,Edward James Olmos,Ridley Scott,Sci-Fi,Thriller,A blade runner must pursue and try to terminate four replicants who stole a ship in space and have returned to Earth to find their creator.,1982-06-25,117,A Futuristic Vision Perfected [2007 Final Cut],Hampton Fancher
141,8.4,tt0374887,Munna Bhai M.B.B.S.,2003,Sunil Dutt,Sanjay Dutt,Arshad Warsi,Gracy Singh,Rajkumar Hirani,Comedy,Drama,A gangster sets out to fulfill his father's dream of becoming a doctor.,2003-12-19,156,He might just cure you.,Vidhu Vinod Chopra
142,8.2,tt0050976,The Seventh Seal,1957,Max von Sydow,Gunnar Björnstrand,Bengt Ekerot,Nils Poppe,Ingmar Bergman,Drama,Fantasy,"A man seeks answers about life, death, and the existence of God as he plays chess against the Grim Reaper during the Black Plague.",1958-10-13,96,"A film of visual scope, of imaginative concept, of powerful content, written and directed by Ingmar Bergman, twice honored by the Interational Jury at the Cannes Film Festival 1956,1957",Ingmar Bergman
143,8.2,tt0347149,Howl's Moving Castle,2004,Chieko Baishô,Takuya Kimura,Tatsuya Gashûin,Akihiro Miwa,Hayao Miyazaki,Animation,Adventure,"When an unconfident young woman is cursed with an old body by a spiteful witch, her only chance of breaking the spell lies with a self-indulgent yet insecure young wizard and his companions in his legged, walking castle.",2005-06-17,119,,Hayao Miyazaki
144,8.2,tt0120735,"Lock, Stock and Two Smoking Barrels",1998,Jason Flemyng,Dexter Fletcher,Nick Moran,Jason Statham,Guy Ritchie,Comedy,Crime,"A botched card game in London triggers four friends, thugs, weed-growers, hard gangsters, loan sharks and debt collectors to collide with each other in a series of unexpected events, all for the sake of weed, cash and two antique shotguns.",1998-08-28,107,A Disgrace to Criminals Everywhere.,Guy Ritchie
145,8.5,tt0073707,Sholay,1975,Dharmendra,Sanjeev Kumar,Hema Malini,Amitabh Bachchan,Ramesh Sippy,Action,Adventure,"After his family is murdered by a notorious and ruthless bandit, a former police officer enlists the services of two outlaws to capture him.",1975-08-15,162,The greatest star cast ever assembled.......The greatest story ever told,Javed Akhtar
146,8.4,tt0405508,Rang De Basanti,2006,Aamir Khan,Soha Ali Khan,Siddharth,Sharman Joshi,Rakeysh Omprakash Mehra,Comedy,Drama,"The story of six young Indians who assist an English Woman to film a documentary on the extremist freedom fighters from their past, and the events that lead them to relive the long forgotten saga of freedom.",2006-01-26,157,A Generation Awakens.,Kamlesh Pandey
147,8.2,tt0112641,Casino,1995,Robert De Niro,Sharon Stone,Joe Pesci,James Woods,Martin Scorsese,Biography,Crime,"Greed, deception, money, power, and murder occur between two best friends, a mafia underboss and a casino owner, for a trophy wife over a gambling empire.",1995-11-22,178,You don't stay at the top forever,Nicholas Pileggi
148,8.3,tt0055031,Judgment at Nuremberg,1961,Spencer Tracy,Burt Lancaster,Richard Widmark,Marlene Dietrich,Stanley Kramer,Drama,History,"In 1948, an American court in occupied Germany tries four Nazi judges for war crimes.",1961-12-18,186,More than a motion picture...It is an overwhelming experience in human emotion you will never forget!,Abby Mann
149,8.2,tt0050986,Wild Strawberries,1957,Victor Sjöström,Bibi Andersson,Ingrid Thulin,Gunnar Björnstrand,Ingmar Bergman,Drama,Romance,"After living a life marked by coldness, an aging professor is forced to confront the emptiness of his existence.",1959-06-22,91,"""We are such stuff as dreams are made on, and our little life is rounded with a sleep."" Shakespeare - The Tempest",Ingmar Bergman
150,8.2,tt0080678,The Elephant Man,1980,Anthony Hopkins,John Hurt,Anne Bancroft,John Gielgud,David Lynch,Biography,Drama,"A Victorian surgeon rescues a heavily disfigured man who is mistreated while scraping a living as a side-show freak. Behind his monstrous facade, there is revealed a person of intelligence and sensitivity.",1980-10-10,124,I am not an animal! I am a human being! I...am...a man!,Christopher De Vore
151,8.2,tt0017925,The General,1926,Buster Keaton,Marion Mack,Glen Cavender,Jim Farley,Clyde Bruckman,Action,Adventure,"When Union spies steal an engineer's beloved locomotive, he pursues it single-handedly and straight through enemy lines.",1927-02-24,75,"Buster drives ""The General"" to trainload of laughter. (Trade paper ad).",Buster Keaton
152,8.2,tt0268978,A Beautiful Mind,2001,Russell Crowe,Ed Harris,Jennifer Connelly,Christopher Plummer,Ron Howard,Biography,Drama,"After John Nash, a brilliant but asocial mathematician, accepts secret work in cryptography, his life takes a turn for the nightmarish.",2002-01-04,135,The Only Thing Greater Than the Power of the Mind is the Courage of the Heart,Akiva Goldsman
153,8.3,tt0019254,The Passion of Joan of Arc,1928,Maria Falconetti,Eugene Silvain,André Berley,Maurice Schutz,Carl Theodor Dreyer,Biography,Drama,"A chronicle of the trial of Jeanne d'Arc on charges of heresy, and the efforts of her ecclesiastical jurists to force Jeanne to recant her claims of holy visions.",1928-01-01,114,JOAN of ARC PICTURES Inc. presents,Carl Theodor Dreyer
154,8.2,tt1291584,Warrior,2011,Tom Hardy,Nick Nolte,Joel Edgerton,Jennifer Morrison,Gavin O'Connor,Drama,Sport,"The youngest son of an alcoholic former boxer returns home, where he's trained by his father for competition in a mixed martial arts tournament - a path that puts the fighter on a collision course with his estranged, older brother.",2011-09-09,140,Fight for Country,Gavin O'Connor
155,8.2,tt0993846,The Wolf of Wall Street,2013,Leonardo DiCaprio,Jonah Hill,Margot Robbie,Matthew McConaughey,Martin Scorsese,Biography,Comedy,"Based on the true story of Jordan Belfort, from his rise to a wealthy stock-broker living the high life to his fall involving crime, corruption and the federal government.",2013-12-25,180,,Terence Winter
156,8.2,tt1255953,Incendies,2010,Lubna Azabal,Mélissa Désormeaux-Poulin,Maxim Gaudette,Mustafa Kamel,Denis Villeneuve,Drama,Mystery,"Twins journey to the Middle East to discover their family history, and fulfill their mother's last wishes.",2011-01-12,139,The search began at the opening of their mother's will.,Denis Villeneuve
157,8.2,tt0434409,V for Vendetta,2005,Hugo Weaving,Natalie Portman,Rupert Graves,Stephen Rea,James McTeigue,Action,Drama,"In a future British tyranny, a shadowy freedom fighter, known only by the alias of ""V"", plots to overthrow it with the help of a young woman.",2006-03-17,132,"Remember, remember the 5th of November, the gun powder treason and plot. I know of no reason why the gun powder treason should ever be forgot.",Lilly Wachowski
158,8.3,tt0018455,Sunrise,1927,George O'Brien,Janet Gaynor,Margaret Livingston,Bodil Rosing,F.W. Murnau,Drama,Romance,"A married farmer falls under the spell of a slatternly woman from the city, who tries to convince him to drown his wife.",1927-11-04,94,,Carl Mayer
159,8.2,tt1205489,Gran Torino,2008,Clint Eastwood,Bee Vang,Christopher Carley,Ahney Her,Clint Eastwood,Drama,,"Disgruntled Korean War veteran Walt Kowalski sets out to reform his neighbor, a Hmong teenager who tried to steal Kowalski's prized possession: a 1972 Gran Torino.",2009-01-09,116,,Nick Schenk
160,8.2,tt0118715,The Big Lebowski,1998,Jeff Bridges,John Goodman,Julianne Moore,Steve Buscemi,Joel Coen,Comedy,Crime,"""The Dude"" Lebowski, mistaken for a millionaire Lebowski, seeks restitution for his ruined rug and enlists his bowling buddies to help get it.",1998-03-06,117,"They figured he was a lazy, time-wasting slacker. They were right.",Ethan Coen
161,8.3,tt0046438,Tokyo Story,1953,Chishû Ryû,Chieko Higashiyama,Sô Yamamura,Setsuko Hara,Yasujirô Ozu,Drama,,An old couple visit their children and grandchildren in the city; but the children have little time for them.,1972-03-13,136,,Kôgo Noda
162,8.2,tt0046912,Dial M for Murder,1954,Ray Milland,Grace Kelly,Robert Cummings,John Williams,Alfred Hitchcock,Crime,Thriller,"An ex-tennis pro carries out a plot to murder his wife. When things go wrong, he improvises a brilliant plan B.",1954-05-29,105,Kiss By Kiss...Supreme Suspense Unfurls!,Frederick Knott
163,8.2,tt0077416,The Deer Hunter,1978,Robert De Niro,Christopher Walken,John Cazale,John Savage,Michael Cimino,Drama,History,An in-depth examination of the ways in which the U.S. Vietnam War impacts and disrupts the lives of people in a small industrial town in Pennsylvania.,1979-02-23,183,One of the most important and powerful films of all time!,Michael Cimino
164,8.2,tt0117951,Trainspotting,1996,Ewan McGregor,Ewen Bremner,Jonny Lee Miller,Kevin McKidd,Danny Boyle,Drama,nan,"Renton, deeply immersed in the Edinburgh drug scene, tries to clean up and get out, despite the allure of the drugs and influence of friends.",1996-08-09,94,"Choose life. Choose a job. Choose a starter home. Choose dental insurance, leisure wear and matching luggage. Choose your future. But why would anyone want to do a thing like that?",John Hodge
165,8.2,tt0031381,Gone with the Wind,1939,Clark Gable,Vivien Leigh,Thomas Mitchell,Barbara O'Neil,Victor Fleming,Drama,History,A manipulative Southern belle carries on a turbulent affair with a blockade runner during the American Civil War.,1940-01-17,238,"For the thousands who remember its unparalleled drama, action and romance! For the new thousands to whom the wonders will be revealed for the first time! Breathtaking spectacle, inspired acting by the greatest cast ever assembled! The screen's most exciting love story! The most-talked about picture ever made! [reissue]",Margaret Mitchell
166,8.1,tt0116282,Fargo,1996,William H. Macy,Frances McDormand,Steve Buscemi,Peter Stormare,Joel Coen,Crime,Drama,Jerry Lundegaard's inept crime falls apart due to his and his henchmen's bungling and the persistent police work of the quite pregnant Marge Gunderson.,1996-04-05,98,A homespun murder story.,Ethan Coen
167,8.2,tt0266543,Finding Nemo,2003,Albert Brooks,Ellen DeGeneres,Alexander Gould,Willem Dafoe,Andrew Stanton,Animation,Adventure,"After his son is captured in the Great Barrier Reef and taken to Sydney, a timid clownfish sets out on a journey to bring him home.",2003-05-30,100,71% of the Earth's surface is covered by water. That's a lot of space to find one fish.,Andrew Stanton
168,8.2,tt0032976,Rebecca,1940,Laurence Olivier,Joan Fontaine,George Sanders,Judith Anderson,Alfred Hitchcock,Drama,Film-Noir,A self-conscious bride is tormented by the memory of her husband's dead first wife.,1940-04-12,130,The shadow of this woman darkened their love.,Daphne Du Maurier
169,8.2,tt0061512,Cool Hand Luke,1967,Paul Newman,George Kennedy,Strother Martin,J.D. Cannon,Stuart Rosenberg,Crime,Drama,A man refuses to conform to life in a rural prison.,1967-11-01,126,"""What we've got here is failure to communicate.""",Donn Pearce
170,8.1,tt0167404,The Sixth Sense,1999,Bruce Willis,Haley Joel Osment,Toni Collette,Olivia Williams,M. Night Shyamalan,Drama,Mystery,A boy who communicates with spirits that don't know they're dead seeks the help of a disheartened child psychologist.,1999-08-06,107,"""I see dead people""",M. Night Shyamalan
171,8.2,tt0084787,The Thing,1982,Kurt Russell,Wilford Brimley,Keith David,Richard Masur,John Carpenter,Horror,Mystery,"It's the first week of winter in 1982. An American Research Base is greeted by an alien force, that can assimilate anything it touches. It's up to the members to stay alive, and be sure of who is human, and who has become one of the Things.",1982-06-25,109,What you fear most... is among you.,Bill Lancaster
172,8.2,tt0892769,How to Train Your Dragon,2010,Jay Baruchel,Gerard Butler,Christopher Mintz-Plasse,Craig Ferguson,Dean DeBlois,Animation,Action,"A hapless young Viking who aspires to hunt dragons becomes the unlikely friend of a young dragon himself, and learns there may be more to the creatures than he assumed.",2010-03-26,98,One adventure will change two worlds,William Davies
173,8.1,tt0477348,No Country for Old Men,2007,Tommy Lee Jones,Javier Bardem,Josh Brolin,Woody Harrelson,Ethan Coen,Crime,Drama,Violence and mayhem ensue after a hunter stumbles upon a drug deal gone wrong and more than two million dollars in cash near the Rio Grande.,2007-11-21,122,There Are No Clean Getaways,Joel Coen
174,8.2,tt2488496,Star Wars: The Force Awakens,2015,Daisy Ridley,John Boyega,Oscar Isaac,Domhnall Gleeson,J.J. Abrams,Action,Adventure,"Three decades after the defeat of the Galactic Empire, a new threat arises. The First Order attempts to rule the galaxy and only a ragtag group of heroes can stop them, along with the help of the Resistance.",2015-12-18,138,Every generation has a story.,Lawrence Kasdan
175,8.2,tt0758758,Into the Wild,2007,Emile Hirsch,Vince Vaughn,Catherine Keener,Marcia Gay Harden,Sean Penn,Adventure,Biography,"After graduating from Emory University, top student and athlete Christopher McCandless abandons his possessions, gives his entire $24,000 savings account to charity and hitchhikes to Alaska to live in the wilderness. Along the way, Christopher encounters a series of characters that shape his life.",2007-10-19,148,Into the heart Into the soul,Sean Penn
176,8.1,tt0266697,Kill Bill: Vol. 1,2003,Uma Thurman,David Carradine,Daryl Hannah,Michael Madsen,Quentin Tarantino,Action,Thriller,The Bride wakens from a four-year coma. The child she carried in her womb is gone. Now she must wreak vengeance on the team of assassins who betrayed her - a team she was once part of.,2003-10-10,111,"In the year 2003, Uma Thurman will kill Bill",Quentin Tarantino
177,8.2,tt0978762,Mary and Max,2009,Toni Collette,Philip Seymour Hoffman,Eric Bana,Barry Humphries,Adam Elliot,Animation,Comedy,"A tale of friendship between two unlikely pen pals: Mary, a lonely, eight-year-old girl living in the suburbs of Melbourne, and Max, a forty-four-year old, severely obese man living in New York.",2009-04-09,92,Two unlikely people. Two different worlds come together in a story about a most unusual friendship.,Adam Elliot
178,8.1,tt2267998,Gone Girl,2014,Ben Affleck,Rosamund Pike,Neil Patrick Harris,Tyler Perry,David Fincher,Crime,Drama,"With his wife's disappearance having become the focus of an intense media circus, a man sees the spotlight turned on him when it's suspected that he may not be innocent.",2014-10-03,149,You don't know what you've got 'til it's...,Gillian Flynn
179,8.1,tt0469494,There Will Be Blood,2007,Daniel Day-Lewis,Paul Dano,Ciarán Hinds,Martin Stringer,Paul Thomas Anderson,Drama,nan,"A story of family, religion, hatred, oil and madness, focusing on a turn-of-the-century prospector in the early days of the business.",2008-01-25,158,There Will Be Greed. There Will Be Vengeance.,Paul Thomas Anderson
180,8.3,tt0091251,Come and See,1985,Aleksey Kravchenko,Olga Mironova,Liubomiras Laucevicius,Vladas Bagdonas,Elem Klimov,Drama,War,"After finding an old rifle, a young boy joins the Soviet resistance movement against ruthless German forces and experiences the horrors of World War II.",1985-10-17,142,,Ales Adamovich
181,8.2,tt0025316,It Happened One Night,1934,Clark Gable,Claudette Colbert,Walter Connolly,Roscoe Karns,Frank Capra,Comedy,Romance,A spoiled heiress running away from her family is helped by a man who is actually a reporter in need of a story.,1934-02-23,105,Two great lovers of the screen in the grandest of romantic comedies !,Robert Riskin
182,8.1,tt0079470,Life of Brian,1979,Graham Chapman,John Cleese,Michael Palin,Terry Gilliam,Terry Jones,Comedy,nan,"Brian is born on the original Christmas, in the stable next door. He spends his life being mistaken for a messiah.",1979-08-17,94,A motion picture destined to offend nearly two thirds of the civilized world. And severely annoy the other third.,Graham Chapman
183,8.1,tt1979320,Rush,2013,Daniel Brühl,Chris Hemsworth,Olivia Wilde,Alexandra Maria Lara,Ron Howard,Action,Biography,The merciless 1970s rivalry between Formula One rivals James Hunt and Niki Lauda.,2013-09-27,123,Everyone's driven by something.,Peter Morgan
184,8.1,tt0395169,Hotel Rwanda,2004,Don Cheadle,Sophie Okonedo,Joaquin Phoenix,Xolani Mali,Terry George,Drama,History,Paul Rusesabagina was a hotel manager who housed over a thousand Tutsi refugees during their struggle against the Hutu militia in Rwanda.,2005-02-04,121,"When a country descended into madness and the world turned its back, one man had to make a choice",Keir Pearson
185,8.1,tt0091763,Platoon,1986,Charlie Sheen,Tom Berenger,Willem Dafoe,Keith David,Oliver Stone,Drama,War,A young recruit in Vietnam faces a moral crisis when confronted with the horrors of war and the duality of man.,1987-02-06,120,The first casualty of war is innocence.,Oliver Stone
186,8.4,tt0074896,The Message,1976,Anthony Quinn,Irene Papas,Michael Ansara,Johnny Sekka,Moustapha Akkad,Adventure,Biography,"In the 7th century, Mohammed is visited by Angel Gabriel who urges him to lead the people of Mecca and worship God...",1977-07-08,177,"In four decades only four... ""The Robe"" ""The Ten Commandments"" ""Ben-Hur"" and now... For the first time...the vast, spectacular drama that changed the world!",H.A.L. Craig
187,8.2,tt0050783,The Nights of Cabiria,1957,Giulietta Masina,François Périer,Franca Marzi,Dorian Gray,Federico Fellini,Drama,nan,A waifish prostitute wanders the streets of Rome looking for true love but finds only heartbreak.,1957-09-13,117,The story of a betrayed but unquenchable little Roman street-walker.,Maria Molinari
188,8.1,tt0074958,Network,1976,Faye Dunaway,William Holden,Peter Finch,Robert Duvall,Sidney Lumet,Drama,nan,A television network cynically exploits a deranged former anchor's ravings and revelations about the news media for its own profit.,1976-11-27,121,"""NETWORK""... the humanoids, the love story, the trials and tribulations, the savior of television, the attempted suicides, the assassination -- it's ALL coming along with a galaxy of stars you know and love!",Paddy Chayefsky
189,8.1,tt1130884,Shutter Island,2010,Leonardo DiCaprio,Emily Mortimer,Mark Ruffalo,Ben Kingsley,Martin Scorsese,Mystery,Thriller,"In 1954, a U.S. marshal investigates the disappearance of a murderess who escaped from a hospital for the criminally insane.",2010-02-19,138,Someone is missing.,Laeta Kalogridis
190,8.2,tt0046268,The Wages of Fear,1953,Yves Montand,Charles Vanel,Peter van Eyck,Folco Lulli,Henri-Georges Clouzot,Adventure,Drama,"In a decrepit South American village, four men are hired to transport an urgent nitroglycerine shipment without the equipment that would make it safe.",1955-02-16,131,The complete restored version of the 1953 French classic [reissue],Georges Arnaud
191,8.1,tt1895587,Spotlight,2015,Mark Ruffalo,Michael Keaton,Rachel McAdams,Liev Schreiber,Tom McCarthy,Biography,Crime,"The true story of how the Boston Globe uncovered the massive scandal of child molestation and cover-up within the local Catholic Archdiocese, shaking the entire Catholic Church to its core.",2015-11-20,128,Break the story. Break the silence.,Josh Singer
192,8.1,tt0033870,The Maltese Falcon,1941,Humphrey Bogart,Mary Astor,Gladys George,Peter Lorre,John Huston,Film-Noir,Mystery,"A private detective takes on a case that involves him with three eccentric criminals, a gorgeous liar, and their quest for a priceless statuette.",1941-10-18,100,It's thrilling . . . it's chilling . . . it's the most baffling mystery story in years !,John Huston
193,8.1,tt0107207,In the Name of the Father,1993,Daniel Day-Lewis,Pete Postlethwaite,Alison Crosbie,Philip King,Jim Sheridan,Biography,Drama,A man's coerced confession to an IRA bombing he did not commit results in the imprisonment of his father as well. An English lawyer fights to free them.,1994-02-25,133,Falsely accused.  Wrongly imprisoned.  He fought for justice to clear his father's name.,Gerry Conlon
194,8.1,tt0064115,Butch Cassidy and the Sundance Kid,1969,Paul Newman,Robert Redford,Katharine Ross,Strother Martin,George Roy Hill,Biography,Crime,Two Western bank/train robbers flee to Bolivia when the law gets too close.,1969-10-24,110,Just for the fun of it!,William Goldman
195,8.1,tt0092005,Stand by Me,1986,Wil Wheaton,River Phoenix,Corey Feldman,Jerry O'Connell,Rob Reiner,Adventure,Drama,"After the death of a friend, a writer recounts a boyhood journey to find the body of a missing boy.",1986-08-22,89,"For some, it's the last real taste of innocence, and the first real taste of life. But for everyone, it's the time that memories are made of.",Stephen King
196,8.1,tt1392190,Mad Max: Fury Road,2015,Tom Hardy,Charlize Theron,Nicholas Hoult,Zoë Kravitz,George Miller,Action,Adventure,"A woman rebels against a tyrannical ruler in postapocalyptic Australia in search for her home-land with the help of a group of female prisoners, a psychotic worshipper, and a drifter named Max.",2015-05-15,120,WHAT A LOVELY DAY (all caps One Sheet),George Miller
197,8.1,tt0053198,The 400 Blows,1959,Jean-Pierre Léaud,Albert Rémy,Claire Maurier,Guy Decomble,François Truffaut,Crime,Drama,"Moving story of a young boy who, left without attention, delves into a life of petty crime.",1959-11-16,99,From the Vanguard of New Film-Makers Comes an Extraordinary Motion Picture,François Truffaut
198,8.1,tt3011894,Wild Tales,2014,Darío Grandinetti,María Marull,Mónica Villa,Rita Cortese,Damián Szifrón,Comedy,Drama,Six short stories that explore the extremities of human behavior involving people in distress.,2014-08-21,122,We can all lose control,Damián Szifrón
199,8.1,tt2024544,12 Years a Slave,2013,Chiwetel Ejiofor,Michael Kenneth Williams,Michael Fassbender,Brad Pitt,Steve McQueen,Biography,Drama,"In the antebellum United States, Solomon Northup, a free black man from upstate New York, is abducted and sold into slavery.",2013-11-08,134,The extraordinary true story of Solomon Northup,John Ridley
200,8.1,tt0060827,Persona,1966,Bibi Andersson,Liv Ullmann,Margaretha Krook,Gunnar Björnstrand,Ingmar Bergman,Drama,Thriller,A nurse is put in charge of a mute actress and finds that their personas are melding together.,1967-03-16,83,A new film by Ingmar Bergman,Ingmar Bergman
201,8.1,tt0052618,Ben-Hur,1959,Charlton Heston,Jack Hawkins,Stephen Boyd,Haya Harareet,William Wyler,Adventure,Drama,"When a Jewish prince is betrayed and sent into slavery by a Roman friend, he regains his freedom and comes back for revenge.",1960-01-29,212,A Tale of the Christ,Lew Wallace
202,8.1,tt2278388,The Grand Budapest Hotel,2014,Ralph Fiennes,F. Murray Abraham,Mathieu Amalric,Adrien Brody,Wes Anderson,Adventure,Comedy,"The adventures of Gustave H, a legendary concierge at a famous hotel from the fictional Republic of Zubrowka between the first and second World Wars, and Zero Moustafa, the lobby boy who becomes his most trusted friend.",2014-03-28,99,,Stefan Zweig
203,8.1,tt0405159,Million Dollar Baby,2004,Hilary Swank,Clint Eastwood,Morgan Freeman,Jay Baruchel,Clint Eastwood,Drama,Sport,A determined woman works with a hardened boxing trainer to become a professional.,2005-01-28,132,"Beyond his silence, there is a past. Beyond her dreams, there is a feeling. Beyond hope, there is a memory. Beyond their journey, there is a love.",Paul Haggis
204,8.1,tt0245712,Amores Perros,2000,Emilio Echevarría,Gael García Bernal,Goya Toledo,Álvaro Guerrero,Alejandro G. Iñárritu,Drama,Thriller,"A horrific car accident connects three stories, each involving characters dealing with loss, regret, and life's harsh realities, all in the name of love.",2001-04-13,154,Love. Betrayal. Death.,Guillermo Arriaga
205,8.1,tt0093779,The Princess Bride,1987,Cary Elwes,Mandy Patinkin,Robin Wright,Chris Sarandon,Rob Reiner,Adventure,Family,"While home sick in bed, a young boy's grandfather reads him a story called The Princess Bride.",1987-10-09,98,The story of a man and a woman who lived happily ever after. Even though the courtship almost killed them.,William Goldman
206,8.1,tt0107290,Jurassic Park,1993,Sam Neill,Laura Dern,Jeff Goldblum,Richard Attenborough,Steven Spielberg,Adventure,Sci-Fi,"During a preview tour, a theme park suffers a major power breakdown that allows its cloned dinosaur exhibits to run amok.",1993-06-11,127,Life finds a way.,Michael Crichton
207,8.1,tt1028532,Hachi: A Dog's Tale,2009,Richard Gere,Joan Allen,Cary-Hiroyuki Tagawa,Sarah Roemer,Lasse Hallström,Drama,Family,A college professor's bond with the abandoned dog he takes into his home.,2009-08-08,93,"A true story of faith, devotion and undying love.",Stephen P. Lindsey
208,8.1,tt0087544,Nausicaä of the Valley of the Wind,1984,Sumi Shimamoto,Mahito Tsujimura,Hisako Kyôda,Gorô Naya,Hayao Miyazaki,Animation,Adventure,Warrior/pacifist Princess Nausicaä desperately struggles to prevent two warring nations from destroying themselves and their dying planet.,1984-03-11,95,Miyazaki's epic masterpiece (2005 Disney release),Hayao Miyazaki
209,8.1,tt0052311,Touch of Evil,1958,Charlton Heston,Orson Welles,Janet Leigh,Joseph Calleia,Orson Welles,Crime,Drama,"A stark, perverse story of murder, kidnapping, and police corruption in a Mexican border town.",1958-05-21,108,The Overwhelming Drama of a Strange Vengeance,Orson Welles
210,8.1,tt0079944,Stalker,1979,Alisa Freyndlikh,Aleksandr Kaydanovskiy,Anatoliy Solonitsyn,Nikolay Grinko,Andrei Tarkovsky,Drama,Sci-Fi,A guide leads two men through an area known as the Zone to find a room that grants wishes.,1980-04-17,163,,Arkadiy Strugatskiy
211,8.1,tt0353969,Memories of Murder,2003,Kang-ho Song,Sang-kyung Kim,Roe-ha Kim,Jae-ho Song,Joon-ho Bong,Crime,Drama,"In 1986, in the province of Gyunggi, in South Korea, a second young and beautiful woman is found dead...",2003-05-02,132,,Joon-ho Bong
212,8.1,tt0032551,The Grapes of Wrath,1940,Henry Fonda,Jane Darwell,John Carradine,Charley Grapewin,John Ford,Drama,History,"A poor Midwest family is forced off of their land. They travel to California, suffering the misfortunes of the homeless in the Great Depression.",1940-03-15,129,The thousands who have read the book will know why WE WILL NOT SELL ANY CHILDREN TICKETS to see this picture!,Nunnally Johnson
213,8.1,tt0120382,The Truman Show,1998,Jim Carrey,Ed Harris,Laura Linney,Noah Emmerich,Peter Weir,Comedy,Drama,An insurance salesman/adjuster discovers his entire life is actually a television show.,1998-06-05,103,All the world's a stage...,Andrew Niccol
214,8.1,tt0075686,Annie Hall,1977,Woody Allen,Diane Keaton,Tony Roberts,Carol Kane,Woody Allen,Comedy,Romance,Neurotic New York comedian Alvy Singer falls in love with the ditzy Annie Hall.,1977-04-20,93,A nervous romance.,Woody Allen
215,8.1,tt0112471,Before Sunrise,1995,Ethan Hawke,Julie Delpy,Andrea Eckert,Hanno Pöschl,Richard Linklater,Drama,Romance,"A young man and woman meet on a train in Europe, and wind up spending one evening together in Vienna. Unfortunately, both know that this will probably be their only night together.",1995-01-27,105,Jump on and live a Eurorail journey you will never forget!,Richard Linklater
216,8.1,tt2948356,Zootopia,2016,Ginnifer Goodwin,Jason Bateman,Idris Elba,Jenny Slate,Byron Howard,Animation,Adventure,"In a city of anthropomorphic animals, a rookie bunny cop and a cynical con artist fox must work together to uncover a conspiracy.",2016-03-04,108,Welcome to the urban jungle.,Byron Howard
217,8.1,tt0083987,Gandhi,1982,Ben Kingsley,John Gielgud,Candice Bergen,Edward Fox,Richard Attenborough,Biography,Drama,"Gandhi's character is fully explained as a man of nonviolence. Through his patience, he is able to drive the British out of the subcontinent. And the stubborn nature of Jinnah and his commitment towards Pakistan is portrayed.",1983-02-25,191,His Triumph Changed The World Forever.,John Briley
218,8.1,tt0440963,The Bourne Ultimatum,2007,Matt Damon,Edgar Ramírez,Joan Allen,Julia Stiles,Paul Greengrass,Action,Mystery,Jason Bourne dodges a ruthless CIA official and his agents from a new assassination program while searching for the origins of his life as a trained killer.,2007-08-03,115,This Summer Jason Bourne Comes Home,Tony Gilroy
219,8.1,tt0046911,Diabolique,1955,Simone Signoret,Véra Clouzot,Paul Meurisse,Charles Vanel,Henri-Georges Clouzot,Crime,Drama,"The wife of a cruel headmaster and his mistress conspire to kill him, but after the murder is committed, his body disappears, and strange events begin to plague the two women.",1955-11-21,116,"See it, be amazed at it, but... BE QUIET ABOUT IT! (original Finnish poster tagline)",Pierre Boileau
220,8.1,tt0075148,Rocky,1976,Sylvester Stallone,Talia Shire,Burt Young,Carl Weathers,John G. Avildsen,Drama,Sport,"Rocky Balboa, a small-time boxer, gets a supremely rare chance to fight heavy-weight champion Apollo Creed in a bout in which he strives to go the distance for his self-respect.",1976-12-03,120,You have a ringside seat for the bloodiest bicentennial in history!,Sylvester Stallone
221,8.1,tt0246578,Donnie Darko,2001,Jake Gyllenhaal,Jena Malone,Mary McDonnell,Holmes Osborne,Richard Kelly,Drama,Sci-Fi,"A troubled teenager is plagued by visions of a man in a large rabbit suit who manipulates him to commit a series of crimes, after he narrowly escapes a bizarre accident.",2001-10-26,113,Life is one long insane trip. Some people just have better directions.,Richard Kelly
222,8.1,tt1201607,Harry Potter and the Deathly Hallows: Part 2,2011,Daniel Radcliffe,Emma Watson,Rupert Grint,Michael Gambon,David Yates,Adventure,Drama,"Harry, Ron and Hermione search for Voldemort's remaining Horcruxes in their effort to destroy the Dark Lord as the final battle rages on at Hogwarts.",2011-07-15,130,It All Ends Here,Steve Kloves
223,8.1,tt0056801,8½,1963,Marcello Mastroianni,Anouk Aimée,Claudia Cardinale,Sandra Milo,Federico Fellini,Drama,Fantasy,A harried movie director retreats into his memories and fantasies.,1963-06-25,138,A picture that goes beyond what men think about - because no man ever thought about it in quite this way!,Federico Fellini
224,8.1,tt0198781,"Monsters, Inc.",2001,Billy Crystal,John Goodman,Mary Gibbs,Steve Buscemi,Pete Docter,Animation,Adventure,"In order to power the city, monsters have to scare children so that they scream. However, the children are toxic to the monsters, and after a child gets through, two monsters realize things may not be what they think.",2001-11-02,92,"Monsters, Inc. : We Scare Because We Care",Pete Docter
225,8.1,tt0032138,The Wizard of Oz,1939,Judy Garland,Frank Morgan,Ray Bolger,Bert Lahr,Victor Fleming,Adventure,Family,Dorothy Gale is swept away to a magical land in a tornado and embarks on a quest to see the Wizard who can help her return home.,1939-08-25,102,Mighty Miracle Show Of 1000 Delights !,Noel Langley
226,8.0,tt0088247,The Terminator,1984,Arnold Schwarzenegger,Linda Hamilton,Michael Biehn,Paul Winfield,James Cameron,Action,Sci-Fi,"A seemingly indestructible humanoid cyborg is sent from 2029 to 1984 to assassinate a waitress, whose unborn son will lead humanity in a war against the machines, while a soldier from that war is sent to protect her at all costs.",1984-10-26,107,"La sua missione e una sola: distruggere, uccidere... (Its mission and only one: to destroy, to kill...) (Italian DVD)",James Cameron
227,8.1,tt0107048,Groundhog Day,1993,Bill Murray,Andie MacDowell,Chris Elliott,Stephen Tobolowsky,Harold Ramis,Comedy,Fantasy,A weatherman finds himself living the same day over and over again.,1993-02-12,101,"He's having the worst day of his life... over, and over...",Danny Rubin
228,8.0,tt0114746,Twelve Monkeys,1995,Bruce Willis,Madeleine Stowe,Brad Pitt,Joseph Melito,Terry Gilliam,Mystery,Sci-Fi,"In a future world devastated by disease, a convict is sent back in time to gather information about the man-made virus that wiped out most of the human population on the planet.",1996-01-05,129,The future is history.,Chris Marker
229,8.1,tt1392214,Prisoners,2013,Hugh Jackman,Jake Gyllenhaal,Viola Davis,Melissa Leo,Denis Villeneuve,Crime,Drama,"When Keller Dover's daughter and her friend go missing, he takes matters into his own hands as the police pursue multiple leads and the pressure mounts. But just how far will this desperate father go to protect his family?",2013-09-20,153,Every moment matters,Aaron Guzikowski
230,8.0,tt0073195,Jaws,1975,Roy Scheider,Robert Shaw,Richard Dreyfuss,Lorraine Gary,Steven Spielberg,Adventure,Drama,"When a gigantic great white shark begins to menace the small island community of Amity, a police chief, a marine scientist and a grizzled fisherman set out to stop it.",1975-06-20,124,Amity Island had everything. Clear skies. Gentle surf. Warm water. People flocked there every summer. It was the perfect feeding ground.,Peter Benchley
231,8.1,tt0072684,Barry Lyndon,1975,Ryan O'Neal,Marisa Berenson,Patrick Magee,Hardy Krüger,Stanley Kubrick,Adventure,Drama,An Irish rogue wins the heart of a rich widow and assumes her dead husband's aristocratic position in 18th-century England.,1975-12-18,184,At long last Redmond Barry became a gentleman -- and that was his tragedy.,Stanley Kubrick
232,8.1,tt0338564,Infernal Affairs,2002,Andy Lau,Tony Chiu Wai Leung,Anthony Chau-Sang Wong,Eric Tsang,Wai-Keung Lau,Crime,Drama,"A story between a mole in the police department and an undercover cop. Their objectives are the same: to find out who is the mole, and who is the cop.",2002-12-12,101,Loyalty. Honor. Betrayal.,Alan Mak
233,8.0,tt0264464,Catch Me If You Can,2002,Leonardo DiCaprio,Tom Hanks,Christopher Walken,Martin Sheen,Steven Spielberg,Biography,Crime,"The true story of Frank Abagnale Jr. who, before his 19th birthday, successfully conned millions of dollars' worth of checks as a Pan Am pilot, doctor, and legal prosecutor.",2002-12-25,141,The true story of a real fake.,Jeff Nathanson
234,8.1,tt0113247,La Haine,1995,Vincent Cassel,Hubert Koundé,Saïd Taghmaoui,Abdel Ahmed Ghili,Mathieu Kassovitz,Crime,Drama,24 hours in the lives of three young men in the French suburbs the day after a violent riot.,1996-02-23,98,"So far, so good",Mathieu Kassovitz
235,8.1,tt0036868,The Best Years of Our Lives,1946,Fredric March,Dana Andrews,Myrna Loy,Teresa Wright,William Wyler,Drama,Romance,Three World War II veterans return home to small-town America to discover that they and their families have been irreparably changed.,1947-06-17,172,THE SCREEN'S GREATEST LOVE STORY IS THE BEST FILM THIS YEAR FROM HOLLYWOOD!,Robert E. Sherwood
236,8.1,tt0044079,Strangers on a Train,1951,Farley Granger,Robert Walker,Ruth Roman,Leo G. Carroll,Alfred Hitchcock,Crime,Film-Noir,A psychotic socialite confronts a pro tennis star with a theory on how two complete strangers can get away with murder - a theory that he plans to implement.,1951-06-30,101,Now a very special Alfred Hitchcock event! A hundred and one breathless minutes of matchless suspense!,Raymond Chandler
237,8.0,tt0401792,Sin City,2005,Mickey Rourke,Clive Owen,Bruce Willis,Jessica Alba,Frank Miller,Crime,Thriller,"A film that explores the dark and miserable town, Basin City, and tells the story of three different people, all caught up in violent corruption.",2005-04-01,147,Hell of a way to end a partnership.,Frank Miller
238,8.1,tt0058946,The Battle of Algiers,1966,Brahim Hadjadj,Jean Martin,Yacef Saadi,Samia Kerbash,Gillo Pontecorvo,Drama,History,"In the 1950s, fear and violence escalate as the people of Algiers fight for independence from the French government.",1967-09-20,121,The French Colonel...who was forced even to torture! One of the many women...who stopped at nothing to win! The Algerian Street Boy...who became a rebel hero!,Franco Solinas
239,8.0,tt0072890,Dog Day Afternoon,1975,Al Pacino,John Cazale,Penelope Allen,Sully Boyar,Sidney Lumet,Crime,Drama,A man robs a bank to pay for his lover's operation; it turns into a hostage situation and a media circus.,1975-09-21,125,"The robbery should have taken 10 minutes. 4 hours later, the bank was like a circus sideshow. 8 hours later, it was the hottest thing on live T.V. 12 hours later, it was all history. And it's all true",Frank Pierson
240,8.1,tt0041546,Kind Hearts and Coronets,1949,Dennis Price,Alec Guinness,Valerie Hobson,Joan Greenwood,Robert Hamer,Comedy,Crime,A distant poor relative of the Duke of D'Ascoyne plots to inherit the title by murdering the eight other heirs who stand ahead of him in the line of succession.,1950-06-14,106,He chopped down the family tree...,Roy Horniman
241,8.1,tt0325980,Pirates of the Caribbean: The Curse of the Black Pearl,2003,Johnny Depp,Geoffrey Rush,Orlando Bloom,Keira Knightley,Gore Verbinski,Action,Adventure,"Blacksmith Will Turner teams up with eccentric pirate ""Captain"" Jack Sparrow to save his love, the governor's daughter, from Jack's former pirate allies, who are now undead.",2003-07-09,143,Prepare to be blown out of the water.,Ted Elliott
242,8.1,tt1454029,The Help,2011,Emma Stone,Viola Davis,Octavia Spencer,Bryce Dallas Howard,Tate Taylor,Drama,nan,"An aspiring author during the civil rights movement of the 1960s decides to write a book detailing the African American maids' point of view on the white families for which they work, and the hardships they go through on a daily basis.",2011-08-10,146,Change begins with a whisper.,Tate Taylor
243,8.3,tt1954470,Gangs of Wasseypur,2012,Manoj Bajpayee,Richa Chadha,Nawazuddin Siddiqui,Tigmanshu Dhulia,Anurag Kashyap,Action,Crime,"A clash between Sultan and Shahid Khan leads to the expulsion of Khan from Wasseypur, and ignites a deadly blood feud spanning three generations.",2012-08-02,320,,Anurag Kashyap
244,8.1,tt2084970,The Imitation Game,2014,Benedict Cumberbatch,Keira Knightley,Matthew Goode,Allen Leech,Morten Tyldum,Biography,Drama,"During World War II, mathematician Alan Turing tries to crack the enigma code with help from fellow mathematicians.",2014-12-25,114,The true enigma was the man who cracked the code,Graham Moore
245,8.2,tt1865505,Song of the Sea,2014,David Rawle,Brendan Gleeson,Lisa Hannigan,Fionnula Flanagan,Tomm Moore,Animation,Adventure,"Ben, a young Irish boy, and his little sister Saoirse, a girl who can turn into a seal, go on an adventure to free the faeries and save the spirit world.",2014-12-10,93,,Tomm Moore
246,8.1,tt1220719,Ip Man,2008,Donnie Yen,Simon Yam,Siu-Wong Fan,Ka Tung Lam,Wilson Yip,Action,Biography,"During the Japanese invasion of 1937, when a wealthy martial artist is forced to leave his home and work to support his family, he reluctantly agrees to train others in the art of Wing Chun for self-defense.",2008-12-12,106,The celebrated Kung Fu master of Bruce Lee,Edmond Wong
247,8.0,tt1663202,The Revenant,2015,Leonardo DiCaprio,Tom Hardy,Will Poulter,Domhnall Gleeson,Alejandro G. Iñárritu,Adventure,Drama,A frontiersman on a fur trading expedition in the 1820s fights for survival after being mauled by a bear and left for dead by members of his own hunting team.,2016-01-08,156,"(n. One who has returned, as if from the dead.)",Mark L. Smith
248,8.0,tt3659388,The Martian,2015,Matt Damon,Jessica Chastain,Kristen Wiig,Kate Mara,Ridley Scott,Adventure,Drama,"An astronaut becomes stranded on Mars after his team assume him dead, and must rely on his ingenuity to find a way to signal to Earth that he is alive.",2015-10-02,144,Bring Him Home,Drew Goddard
249,8.1,tt0092067,Castle in the Sky,1986,Anna Paquin,Keiko Yokozawa,Mayumi Tanaka,James Van Der Beek,Hayao Miyazaki,Animation,Adventure,A young boy and a girl with a magic crystal must race against pirates and foreign agents in a search for a legendary floating castle.,1986-08-02,125,,Hayao Miyazaki
